Ref,Val,Package,PosX,PosY,Rot,Side
"C1","100n","C_0402_1005Metric",16.637001,0.966001,0.000000,top
"C2","100n","C_0402_1005Metric",41.794000,8.527000,180.000000,top
"C4","10u","C_0603_1608Metric_Pad1.08x0.95mm_HandSolder",32.452000,4.250999,90.000000,top
"C9","100n","C_0402_1005Metric",32.000000,6.400000,180.000000,top
"C10","15p","C_0402_1005Metric",38.500000,10.900000,180.000000,top
"C11","15p","C_0402_1005Metric",35.294371,14.800371,-135.000000,top
"C12","10u","C_0603_1608Metric_Pad1.08x0.95mm_HandSolder",21.500000,23.150000,-90.000000,top
"C13","10u","C_0603_1608Metric_Pad1.08x0.95mm_HandSolder",20.000000,22.650000,90.000000,top
"C14","10u","C_0603_1608Metric_Pad1.08x0.95mm_HandSolder",34.250000,24.150000,180.000000,top
"C15","100n","C_0402_1005Metric",26.937258,7.307258,-135.000000,top
"C16","100n","C_0402_1005Metric",24.626371,10.736371,-135.000000,top
"C17","100n","C_0402_1005Metric",26.349629,8.095629,-135.000000,top
"C18","100n","C_0402_1005Metric",25.750000,8.900000,-135.000000,top
"C19","100n","C_0402_1005Metric",35.750000,10.900000,0.000000,top
"C20","100n","C_0402_1005Metric",24.499371,14.292371,135.000000,top
"C21","100n","C_0402_1005Metric",27.250000,17.150000,135.000000,top
"C22","100n","C_0402_1005Metric",33.770371,16.324371,45.000000,top
"C23","100n","C_0402_1005Metric",30.837742,4.396001,-90.000000,top
"C24","1u","C_0402_1005Metric",33.008371,17.086371,45.000000,top
"C25","1u","C_0402_1005Metric",24.118371,12.260371,135.000000,top
"D1","D","D_0603_1608Metric_Pad1.05x0.95mm_HandSolder",20.447000,18.377599,0.000000,top
"D4","D","D_0603_1608Metric_Pad1.05x0.95mm_HandSolder",18.796000,16.714000,180.000000,top
"D5","LED","LED_0603_1608Metric_Pad1.05x0.95mm_HandSolder",34.925000,21.650000,-90.000000,top
"D9","LED","LED_0603_1608Metric_Pad1.05x0.95mm_HandSolder",55.018000,11.553000,90.000000,top
"D10","LED","LED_0603_1608Metric_Pad1.05x0.95mm_HandSolder",43.004000,3.381999,90.000000,top
"D13","LED","LED_0603_1608Metric_Pad1.05x0.95mm_HandSolder",57.304000,11.553000,90.000000,top
"D14","LED","LED_0603_1608Metric_Pad1.05x0.95mm_HandSolder",61.246000,3.125000,90.000000,top
"D15","LED_BGAR","QBLP600L",22.902500,23.150000,-90.000000,top
"J2","M/D","TerminalBlock_4Ucon_1x04_P3.50mm_Horizontal",46.771000,4.650000,0.000000,top
"J5","Power/Arm","TerminalBlock_4Ucon_1x04_P3.50mm_Horizontal",57.250000,20.778000,180.000000,top
"J6","USB4056-03-A_REVA2","GCT_USB4056-03-A_REVA2",8.092400,23.552400,180.000000,top
"LS1","Speaker","MagneticBuzzer_PUI_AT-0927-TT-6-R",7.000000,4.950000,180.000000,top
"Q1","SISS67DN-T1-GE3","Vishay_PowerPAK_1212-8_Single",52.250000,12.150000,-90.000000,top
"Q2","BSD840N","SOT-363_SC-70-6",61.500000,19.400000,180.000000,top
"Q3","SISS67DN-T1-GE3","Vishay_PowerPAK_1212-8_Single",60.378000,12.023000,-90.000000,top
"R7","1k","R_0402_1005Metric",34.532371,15.562371,45.000000,top
"R9","470","R_0402_1005Metric",33.528000,22.386000,90.000000,top
"R10","5.1k","R_0402_1005Metric",9.906000,14.682000,-90.000000,top
"R11","5.1k","R_0402_1005Metric",4.000000,14.650000,90.000000,top
"R12","10k","R_0402_1005Metric",53.114999,15.109000,0.000000,top
"R14","470","R_0402_1005Metric",55.145000,15.236000,-90.000000,top
"R16","220","R_0402_1005Metric",51.592999,15.365000,90.000000,top
"R17","1k","R_0402_1005Metric",42.750000,6.937999,90.000000,top
"R18","4.7k","R_0402_1005Metric",50.449999,15.315500,90.000000,top
"R19","27","R_0402_1005Metric",8.958782,9.171920,0.000000,top
"R21","27","R_0402_1005Metric",8.196782,10.695920,0.000000,top
"R22","470","R_0402_1005Metric",57.177000,15.236000,90.000000,top
"R23","10k","R_0402_1005Metric",29.591000,4.393001,90.000000,top
"R24","10k","R_0402_1005Metric",62.255001,14.855000,0.000000,top
"R25","4.7k","R_0402_1005Metric",34.250000,9.150000,0.000000,top
"R26","4.7k","R_0402_1005Metric",36.250000,9.150000,180.000000,top
"R28","220","R_0402_1005Metric",59.500000,15.236000,-90.000000,top
"R29","1k","R_0402_1005Metric",61.500000,7.189000,90.000000,top
"R30","4.7k","R_0402_1005Metric",60.516000,15.236000,-90.000000,top
"R31","10k","R_0402_1005Metric",31.500000,20.650000,180.000000,top
"R33","1k","R_0402_1005Metric",23.500000,22.400000,-90.000000,top
"R34","1k","R_0402_1005Metric",26.500000,20.900000,-90.000000,top
"R35","1k","R_0402_1005Metric",26.500000,22.900000,-90.000000,top
"R36","330k","R_0402_1005Metric",24.000000,16.400000,90.000000,top
"R37","100k","R_0402_1005Metric",22.750000,15.150000,90.000000,top
"SW3","KMR211GLFS","KMR2xxG_CNK",29.839652,23.290299,0.000000,top
"TP3","TX","TestPoint_THTPad_D2.0mm_Drill1.0mm",12.200000,6.550000,0.000000,top
"TP4","RX","TestPoint_THTPad_D2.0mm_Drill1.0mm",12.200000,3.350000,0.000000,top
"U1","MPL3115A2","NXP_LGA-8_3x5mm_P1.25mm_H1.1mm",35.500000,5.775000,0.000000,top
"U2","LSM6DS3","LGA-14_3x2.5mm_P0.5mm_LayoutBorder3x4y",39.000000,8.400000,90.000000,top
"U3","W25Q128JVSIQ","SOIC-8_5.3x5.3mm_P1.27mm",19.812000,4.395000,180.000000,top
"U4","NCP1117-3.3_SOT223","SOT-223-3_TabPin2",39.750000,20.905000,90.000000,top
"U5","RP2040","QFN-56-1EP_7x7mm_P0.4mm_EP3.2x3.2mm",30.099000,12.638371,135.000000,top
"Y1","ABM8-272-T3","Crystal_SMD_3225-4Pin_3.2x2.5mm",39.028000,13.496000,90.000000,top
