"#","Reference","Qty","Exclude from BOM","Exclude from Board","MFG #","Footprint"
"1","Y1","1","","","ABM8-272-T3","Crystal:Crystal_SMD_3225-4Pin_3.2x2.5mm"
"2","U5","1","","","SC0914(13)","Package_DFN_QFN:QFN-56-1EP_7x7mm_P0.4mm_EP3.2x3.2mm"
"3","U4","1","","","NCP1117ST33T3G","Package_TO_SOT_SMD:SOT-223-3_TabPin2"
"4","U3","1","","","Winbond W25Q128JVSIQ","Package_SO:SOIC-8_5.3x5.3mm_P1.27mm"
"5","U2","1","","","LSM6DSO32TR","Package_LGA:LGA-14_3x2.5mm_P0.5mm_LayoutBorder3x4y"
"6","U1","1","","","MPL3115A2ST1","Package_LGA:NXP_LGA-8_3x5mm_P1.25mm_H1.1mm"
"7","TP4","1","","","USB4056-03-A_REVA2","TestPoint:TestPoint_THTPad_D2.0mm_Drill1.0mm"
"8","TP3","1","","","","TestPoint:TestPoint_THTPad_D2.0mm_Drill1.0mm"
"9","SW3","1","","","KMR211G LFS","External/Custom Parts:KMR2xxG_CNK"
"10","R37","1","","","AC0402FR-7W100KL","Resistor_SMD:R_0402_1005Metric"
"11","R36","1","","","CRGCQ0402F330K","Resistor_SMD:R_0402_1005Metric"
"12","R35","1","","","AC0402FR-7W1KL","Resistor_SMD:R_0402_1005Metric"
"13","R34","1","","","AC0402FR-7W1KL","Resistor_SMD:R_0402_1005Metric"
"14","R33","1","","","AC0402FR-7W1KL","Resistor_SMD:R_0402_1005Metric"
"15","R31","1","","","AC0402FR-7W10KL","Resistor_SMD:R_0402_1005Metric"
"16","R30","1","","","AC0402FR-7W4K7L","Resistor_SMD:R_0402_1005Metric"
"17","R29","1","","","AC0402FR-7W1KL","Resistor_SMD:R_0402_1005Metric"
"18","R28","1","","","AC0402FR-7W220RL","Resistor_SMD:R_0402_1005Metric"
"19","R26","1","","","AC0402FR-7W4K7L","Resistor_SMD:R_0402_1005Metric"
"20","R25","1","","","AC0402FR-7W4K7L","Resistor_SMD:R_0402_1005Metric"
"21","R24","1","","","AC0402FR-7W10KL","Resistor_SMD:R_0402_1005Metric"
"22","R23","1","","","AC0402FR-7W10KL","Resistor_SMD:R_0402_1005Metric"
"23","R22","1","","","AC0402FR-7W470RL","Resistor_SMD:R_0402_1005Metric"
"24","R21","1","","","RC0402FR-7W27RL","Resistor_SMD:R_0402_1005Metric"
"25","R19","1","","","RC0402FR-7W27RL","Resistor_SMD:R_0402_1005Metric"
"26","R18","1","","","AC0402FR-7W4K7L","Resistor_SMD:R_0402_1005Metric"
"27","R17","1","","","AC0402FR-7W1KL","Resistor_SMD:R_0402_1005Metric"
"28","R16","1","","","AC0402FR-7W220RL","Resistor_SMD:R_0402_1005Metric"
"29","R14","1","","","AC0402FR-7W470RL","Resistor_SMD:R_0402_1005Metric"
"30","R12","1","","","AC0402FR-7W10KL","Resistor_SMD:R_0402_1005Metric"
"31","R11","1","","","AC0402FR-7W5K1L","Resistor_SMD:R_0402_1005Metric"
"32","R10","1","","","AC0402FR-7W5K1L","Resistor_SMD:R_0402_1005Metric"
"33","R9","1","","","AC0402FR-7W470RL","Resistor_SMD:R_0402_1005Metric"
"34","R7","1","","","AC0402FR-7W1KL","Resistor_SMD:R_0402_1005Metric"
"35","Q3","1","","","SISS67DN-T1-GE3","Package_SO:Vishay_PowerPAK_1212-8_Single"
"36","Q2","1","","","BSD840N","Package_TO_SOT_SMD:SOT-363_SC-70-6"
"37","Q1","1","","","SISS67DN-T1-GE3","Package_SO:Vishay_PowerPAK_1212-8_Single"
"38","LS1","1","","","OWMB-404020SA-40-17","Buzzer_Beeper:MagneticBuzzer_PUI_AT-0927-TT-6-R"
"39","J6","1","","","","USB4056-03-A:GCT_USB4056-03-A_REVA2"
"40","J5","1","","","A112370-ND","TerminalBlock_4Ucon:TerminalBlock_4Ucon_1x04_P3.50mm_Horizontal"
"41","J2","1","","","A112370-ND","TerminalBlock_4Ucon:TerminalBlock_4Ucon_1x04_P3.50mm_Horizontal"
"42","D15","1","","","QBLP600L","RGB_LED:QBLP600L"
"43","D14","1","","","QBLP601-IB5-S2897","LED_SMD:LED_0603_1608Metric_Pad1.05x0.95mm_HandSolder"
"44","D13","1","","","SML-D12U1WT86","LED_SMD:LED_0603_1608Metric_Pad1.05x0.95mm_HandSolder"
"45","D10","1","","","QBLP601-IB5-S2897","LED_SMD:LED_0603_1608Metric_Pad1.05x0.95mm_HandSolder"
"46","D9","1","","","SML-D12U1WT86","LED_SMD:LED_0603_1608Metric_Pad1.05x0.95mm_HandSolder"
"47","D5","1","","","SML-D12U1WT86","LED_SMD:LED_0603_1608Metric_Pad1.05x0.95mm_HandSolder"
"48","D4","1","","","CD0603-B0340R","Diode_SMD:D_0603_1608Metric_Pad1.05x0.95mm_HandSolder"
"49","D1","1","","","CD0603-B0340R","Diode_SMD:D_0603_1608Metric_Pad1.05x0.95mm_HandSolder"
"50","C25","1","","","CL05A105KO5NNNC","Capacitor_SMD:C_0402_1005Metric"
"51","C24","1","","","CL05A105KO5NNNC","Capacitor_SMD:C_0402_1005Metric"
"52","C23","1","","","CL05B104KO5NNNC","Capacitor_SMD:C_0402_1005Metric"
"53","C22","1","","","CL05B104KO5NNNC","Capacitor_SMD:C_0402_1005Metric"
"54","C21","1","","","CL05B104KO5NNNC","Capacitor_SMD:C_0402_1005Metric"
"55","C20","1","","","CL05B104KO5NNNC","Capacitor_SMD:C_0402_1005Metric"
"56","C19","1","","","CL05B104KO5NNNC","Capacitor_SMD:C_0402_1005Metric"
"57","C18","1","","","CL05B104KO5NNNC","Capacitor_SMD:C_0402_1005Metric"
"58","C17","1","","","CL05B104KO5NNNC","Capacitor_SMD:C_0402_1005Metric"
"59","C16","1","","","CL05B104KO5NNNC","Capacitor_SMD:C_0402_1005Metric"
"60","C15","1","","","CL05B104KO5NNNC","Capacitor_SMD:C_0402_1005Metric"
"61","C14","1","","","CL10X106MO8NRNC","Capacitor_SMD:C_0603_1608Metric_Pad1.08x0.95mm_HandSolder"
"62","C13","1","","","CL10X106MO8NRNC","Capacitor_SMD:C_0603_1608Metric_Pad1.08x0.95mm_HandSolder"
"63","C12","1","","","CL10X106MO8NRNC","Capacitor_SMD:C_0603_1608Metric_Pad1.08x0.95mm_HandSolder"
"64","C11","1","","","GJM1555C1H150GB01D","Capacitor_SMD:C_0402_1005Metric"
"65","C10","1","","","GJM1555C1H150GB01D","Capacitor_SMD:C_0402_1005Metric"
"66","C9","1","","","CL05B104KO5NNNC","Capacitor_SMD:C_0402_1005Metric"
"67","C4","1","","","CL10X106MO8NRNC","Capacitor_SMD:C_0603_1608Metric_Pad1.08x0.95mm_HandSolder"
"68","C2","1","","","CL05B104KO5NNNC","Capacitor_SMD:C_0402_1005Metric"
"69","C1","1","","","CL05B104KO5NNNC","Capacitor_SMD:C_0402_1005Metric"
